# 日期函数

### 获取当前UNIX时间戳函数: unix_timestamp()
```hql
语法: unix_timestamp()
返回值: bigint
说明: 获得当前时区的UNIX时间戳
hive> select unix_timestamp();
1616906976
```
### UNIX时间戳转日期函数: from_unixtime(unixtime, format)
```hql
语法: from_unixtime(bigint unixtime[, string format])
返回值: string
说明: 转化UNIX时间戳（从1970-01-01 00:00:00 UTC到指定时间的秒数）到当前时区的时间格式
hive> select from_unixtime(1616906976,'yyyyMMdd');
20210328
```
### 日期转UNIX时间戳函数: unix_timestamp(string date)
```hql
语法: unix_timestamp(string date)
返回值: bigint
说明: 转换格式为"yyyy-MM-dd HH:mm:ss"的日期到UNIX时间戳。如果转化失败，则返回0。
hive>  select unix_timestamp('2021-03-08 14:21:15');
1615184475
```
### 指定格式日期转UNIX时间戳函数: unix_timestamp(string date_time, string pattern)
```hql
语法: unix_timestamp(string date, string pattern)
返回值: bigint
说明: 转换pattern格式的日期到UNIX时间戳。如果转化失败，则返回0。
hive> select unix_timestamp('2021-03-08 14:21:15','yyyyMMdd HH:mm:ss');
1615184475
hive> select unix_timestamp("2020-12-30", "yyyy-MM-dd");
1609257600
```
### 日期时间转日期函数: to_date
```hql
语法: to_date(string timestamp)
返回值: string
说明: 返回日期时间字段中的日期部分。
hive> select to_date('2021-03-28 14:03:01');
2021-03-28

对应mysql中的函数为：date(string timestamp)
```
### 日期转年函数: year
```hql
语法: year(string date)
返回值: int
说明: 返回日期中的年。
hive> select year('2021-03-28 10:03:01');
2021
hive> select year('2021-03-28');
2021
```
### 日期转月函数: month
```hql
语法: month (string date)
返回值: int
说明: 返回日期中的月份。
hive> select month('2020-12-28 12:03:01');
12
hive> select month('2021-03-08');
8
```
### 日期转天函数: day
```hql
语法: day (string date)
返回值: int
说明: 返回日期中的天。
hive> select day('2020-12-08 10:03:01');
8
hive> select day('2020-12-24');
24
```
### 日期转小时函数: hour
```hql
语法: hour (string date)
返回值: int
说明: 返回日期中的小时。
hive> select hour('2020-12-08 10:03:01');
10
```
### 日期转分钟函数: minute
```hql
语法: minute (string date)
返回值: int
说明: 返回日期中的分钟。
hive> select minute('2020-12-08 10:03:01');
3
```
### 日期转秒函数: second
```hql
语法: second (string date)
返回值: int
说明: 返回日期中的秒。
hive> select second('2020-12-08 10:03:01');
1
```
### 日期转周函数: weekofyear
```hql
语法: weekofyear (string date)
返回值: int
说明: 返回所传日期在当前年的第几周。
hive> select weekofyear('2020-12-08 10:03:01');
49
```
### 两个日期相差几天函数: datediff
```hql
语法: datediff(string enddate, string startdate)
返回值: int
说明: 返回结束日期减去开始日期的天数。
释义：日期比较函数，第一个日期减去第二个时期数字，为正，则前者大于后者，为负，则前者小于后者；
hive> select datediff('2020-12-08','2012-05-09');
213

对应mysql中的函数为：TIMESTAMPDIFF(day, end_date, start_date)
```
### 两个日期之间相差几个月：months_between(date1, date2)
```hql
用于计算date1和date2之间有几个月
如果date1在日历中比date2晚，那么MONTHS_BETWEEN()就返回一个正数。
hive> SELECT months_between('2021-07-20','2020-10-01');
-- 结果：
+----------------------------------------------------------------------------+
|months_between(CAST(2021-07-20 AS TIMESTAMP), CAST(2020-10-01 AS TIMESTAMP))|
+----------------------------------------------------------------------------+
|                                                                  9.61290323|
+----------------------------------------------------------------------------+
```

### 日期增加函数: date_add
```hql
语法: date_add(string startdate, int days)
返回值: string
说明: 返回开始日期startdate增加days天后的日期。
hive> select date_add('2020-12-08',10);
2020-12-18

对应mysql中的函数为：date_add(string startdate, interval n day)
```
### 日期减少函数: date_sub
```hql
语法: date_sub (string startdate, int days)
返回值: string
说明: 返回开始日期startdate减少days天前的日期。
hive> select date_sub('2020-12-08',10);
2020-11-28

对应mysql中的函数为：date_sub(string startdate, interval n day)
```

### 日期格式化函数：date_format（按照某种格式格式化时间）
```hql
语法：date_format(date,格式)
例如：
将日期格式化为：2020-05-01和2020-05
hive (default)> select date_format('2020-05-01 12:00:00','yyyy-MM-dd');
2020-05-01
hive (default)> select date_format('2020-05-01 12:00:00','yyyy-MM');
2020-05
```

### dayofmonth 计算某个日期是当月的第几天（dayofweek返回所传日期是周几，dayofyear返回所传日期是哪一年）
```hql
释义：查询该日期在本月的第多少天
用法：dayofmonth(date)
例如：
2020年5月6号在五月是第多少天
hive (default)> select dayofmonth('2020-05-06');
返回：6
```

### current_date 当前日期
```hql
释义：获取当前日期
hive (default)> select current_date;
2020-05-14
```

### current_timestamp 当前时间戳
```hql
释义：获取当前时间
hive (default)> select current_timestamp;
2020-05-14 10:26:57.613
```

### add_months 在某个日期上加 number 个月
```hql
释义：日期加 number 个月
用法：add_months(date, number)
例如：
2020-05-03加1个月
hive (default)> select add_months('2020-05-03',1);
2020-06-03
```

### last_day(date) 返回某个给定时间所在月的最后一天
```hql
select last_day("2020-12-01");
hive> 2020-12-31
```

>下个月的第一天：    
>add_months(date_sub(current_date,dayofmonth(current_date)-1), 1)      
>当月第一天：      
>date_sub(current_date,dayofmonth(current_date)-1)      
>月末:       
>last_day(current_date)      


### mysql函数：TIMESTAMPDIFF(unit, begin, end) 返回 end-begin 的结果，其中begin和end是DATE或DATETIME表达式。
```hql
unit参数是确定(end-begin)的结果的单位，表示为整数。 以下是有效单位：
MICROSECOND 毫秒
SECOND
MINUTE
HOUR
DAY
WEEK
MONTH
QUARTER 季度
YEAR
使用举例如下：
mysql> select TIMESTAMPDIFF(day,'2012-08-24','2012-08-30');  
+----------------------------------------------+   
| TIMESTAMPDIFF(day,'2012-08-24','2012-08-30') |  
+----------------------------------------------+   
|                                            6 |   
+----------------------------------------------+   
mysql> select TIMESTAMPDIFF(MINUTE,'2012-08-24 09:00:00','2012-08-30 12:00:00');  
+-------------------------------------------------------------------+   
| TIMESTAMPDIFF(MINUTE,'2012-08-24 09:00:00','2012-08-30 12:00:00') |  
+-------------------------------------------------------------------+   
|                                                              8820 |   
+-------------------------------------------------------------------+   
mysql> select TIMESTAMPDIFF(SECOND, '2018-01-01 10:00:00', '2018-01-01 10:45:59');
+--------+
| result |
+--------+
|   2759 |
+--------+
1 row in set

注：45分59秒= 45×60 + 59(秒)= 2759秒
```

### mysql函数：TIMESTAMPADD(unit, interval, datetime_expr)
```hql
将整型表达式 interval 添加到日期或日期时间表达式 datetime_expr中。
unit 为 以下值之一：FRAC_SECOND, SECOND, MINUTE, HOUR, DAY, WEEK, MONTH, QUARTER 或 YEAR。
mysql> SELECT TIMESTAMPADD(MINUTE,1,'2003-01-02');
+---------------------------------------------------------+
| TIMESTAMPADD(MINUTE,1,'2003-01-02')                     |
+---------------------------------------------------------+
| 2003-01-02 00:01:00                                     |
+---------------------------------------------------------+
1 row in set (0.00 sec)
```